<?xml version="1.0" encoding="UTF-8" standalone="yes"?>
<addon id="repository.kodilover" name="[COLOR orange]KodiLover[/COLOR] Repository" version="1.0.2" provider-name="KodiLover">
	<extension point="xbmc.addon.repository" name="KodiLover Repo">
		<info compressed="false">http://kodilover.net16.net/Plugins/addons.xml</info>
		<checksum>http://kodilover.net16.net/Plugins/addons.xml.md5</checksum>
		<datadir zip="true">http://kodilover.net16.net/Plugins/</datadir>
	</extension>
	<extension point="xbmc.addon.metadata">
		<summary>KodiLover Repo</summary>
		<description>Install Kodi Addons By Me and Other Kodi Developers around the world. All Credits Go To Simple Kodi For His How To Make a Kodi Repo Video.</description>
		<disclaimer>This Repo does not have all the addons made by me. If You want one thats Updated all the time go find that persons repo.</disclaimer>
		<platform>all</platform>
	</extension>
</addon>