<?xml version="1.0" encoding="UTF-8" standalone="yes"?>
<addon id="plugin.video.hulk" name="Hulk Installer" version="1.0.0" provider-name="hulk.online">
  <requires>
    <import addon="xbmc.python" version="2.1.0"/>
  </requires>
  <extension point="xbmc.python.pluginsource" library="default.py">
        <provides>video executable</provides>
  </extension>
  <extension point="xbmc.addon.metadata">
		<summary lang="en">Hulk Installer</summary>
		<description lang="en">hulk.online</description>
		<disclaimer lang="en">Visit hulk.online for more info.</disclaimer>
		<forum>http://hulk.online/</forum>
		<source>http://hulk.online/</source>
		<website>http://hulk.online/</website>
		<platform>all</platform>
	</extension>
</addon>
